filename,lat,lon,alt_m,yaw_deg,timestamp_video_s
flight_080m_01_000000.png,49.065653,19.593999,691.867981,,0.0
flight_080m_01_000001.png,49.065653,19.593999,691.922974,,1.0
flight_080m_01_000002.png,49.065653,19.593999,691.97998,,2.0
flight_080m_01_000003.png,49.065651,19.593998,692.041016,,3.0
flight_080m_01_000004.png,49.065644,19.593994,692.109985,,4.0
flight_080m_01_000005.png,49.065622,19.59398,692.078003,,5.0
flight_080m_01_000006.png,49.065578,19.593948,692.098999,,6.0
flight_080m_01_000007.png,49.065517,19.593904,692.258972,,7.0
flight_080m_01_000008.png,49.065444,19.593853,692.479004,,8.0
flight_080m_01_000009.png,49.065366,19.593798,692.716003,,9.0
flight_080m_01_000010.png,49.065281,19.593739,693.007996,,10.0
flight_080m_01_000011.png,49.065192,19.593679,693.349976,,11.0
flight_080m_01_000012.png,49.065101,19.593618,693.633972,,12.0
flight_080m_01_000013.png,49.065007,19.593556,693.926025,,13.0
flight_080m_01_000014.png,49.064912,19.593493,694.169006,,14.0
flight_080m_01_000015.png,49.064818,19.593431,694.447998,,15.0
flight_080m_01_000016.png,49.064728,19.593373,694.695007,,16.0
flight_080m_01_000017.png,49.064644,19.593319,694.760986,,17.0
flight_080m_01_000018.png,49.064564,19.593266,694.685974,,18.0
flight_080m_01_000019.png,49.064485,19.593214,694.53302,,19.0
flight_080m_01_000020.png,49.064409,19.593163,694.380981,,20.0
flight_080m_01_000021.png,49.064334,19.59311,694.26001,,21.0
flight_080m_01_000022.png,49.064261,19.593058,694.166992,,22.0
flight_080m_01_000023.png,49.064189,19.593005,694.070984,,23.0
flight_080m_01_000024.png,49.064117,19.592951,694.013977,,24.0
flight_080m_01_000025.png,49.064045,19.592897,694.002014,,25.0
flight_080m_01_000026.png,49.063972,19.592842,693.999023,,26.0
flight_080m_01_000027.png,49.0639,19.592786,693.973999,,27.0
flight_080m_01_000028.png,49.063829,19.592729,693.953003,,28.0
flight_080m_01_000029.png,49.063758,19.592671,693.916016,,29.0
flight_080m_01_000030.png,49.063683,19.59261,693.942017,,30.0
flight_080m_01_000031.png,49.063604,19.592543,693.901001,,31.0
flight_080m_01_000032.png,49.063519,19.592472,693.927979,,32.0
flight_080m_01_000033.png,49.063431,19.592398,694.047974,,33.0
flight_080m_01_000034.png,49.063343,19.592324,694.213013,,34.0
flight_080m_01_000035.png,49.063257,19.592252,694.408997,,35.0
flight_080m_01_000036.png,49.063174,19.592182,694.530029,,36.0
flight_080m_01_000037.png,49.063096,19.592114,694.547974,,37.0
flight_080m_01_000038.png,49.06302,19.592044,694.489014,,38.0
flight_080m_01_000039.png,49.062949,19.591976,694.40802,,39.0
flight_080m_01_000040.png,49.062882,19.591908,694.310974,,40.0
flight_080m_01_000041.png,49.062819,19.591836,694.221985,,41.0
flight_080m_01_000042.png,49.062758,19.591756,694.153992,,42.0
flight_080m_01_000043.png,49.062703,19.591666,694.135986,,43.0
flight_080m_01_000044.png,49.062657,19.591565,694.143982,,44.0
flight_080m_01_000045.png,49.062625,19.591454,694.179993,,45.0
flight_080m_01_000046.png,49.06261,19.591336,694.210022,,46.0
flight_080m_01_000047.png,49.062616,19.591215,694.151001,,47.0
flight_080m_01_000048.png,49.062643,19.591096,694.03302,,48.0
flight_080m_01_000049.png,49.06269,19.590991,693.911011,,49.0
flight_080m_01_000050.png,49.062753,19.590906,693.867981,,50.0
flight_080m_01_000051.png,49.062827,19.590844,693.893982,,51.0
flight_080m_01_000052.png,49.062907,19.590804,693.937988,,52.0
flight_080m_01_000053.png,49.062991,19.590782,693.968018,,53.0
flight_080m_01_000054.png,49.063076,19.590772,693.96698,,54.0
flight_080m_01_000055.png,49.063161,19.590771,693.955017,,55.0
flight_080m_01_000056.png,49.063247,19.590776,693.940979,,56.0
flight_080m_01_000057.png,49.063332,19.59079,693.896973,,57.0
flight_080m_01_000058.png,49.063417,19.590815,693.911987,,58.0
flight_080m_01_000059.png,49.063499,19.590854,693.919983,,59.0
flight_080m_01_000060.png,49.063578,19.590903,693.911987,,60.0
flight_080m_01_000061.png,49.063654,19.590959,693.854004,,61.0
flight_080m_01_000062.png,49.063731,19.59102,693.770996,,62.0
flight_080m_01_000063.png,49.063807,19.591084,693.692993,,63.0
flight_080m_01_000064.png,49.063882,19.591153,693.505981,,64.0
flight_080m_01_000065.png,49.063954,19.591229,693.369995,,65.0
flight_080m_01_000066.png,49.064022,19.591311,693.223999,,66.0
flight_080m_01_000067.png,49.064088,19.591398,693.166992,,67.0
flight_080m_01_000068.png,49.06415,19.591485,693.133972,,68.0
flight_080m_01_000069.png,49.064211,19.591573,693.070007,,69.0
flight_080m_01_000070.png,49.064271,19.59166,693.039978,,70.0
flight_080m_01_000071.png,49.064329,19.591746,693.077026,,71.0
flight_080m_01_000072.png,49.064387,19.59183,693.10199,,72.0
flight_080m_01_000073.png,49.064446,19.591912,693.130005,,73.0
flight_080m_01_000074.png,49.064505,19.591991,693.153992,,74.0
flight_080m_01_000075.png,49.064566,19.592069,693.14801,,75.0
flight_080m_01_000076.png,49.064629,19.592144,693.174011,,76.0
flight_080m_01_000077.png,49.064693,19.592219,693.190002,,77.0
flight_080m_01_000078.png,49.064764,19.592299,693.189026,,78.0
flight_080m_01_000079.png,49.064839,19.592384,693.27301,,79.0
flight_080m_01_000080.png,49.064917,19.59247,693.392029,,80.0
flight_080m_01_000081.png,49.064996,19.592557,693.500977,,81.0
flight_080m_01_000082.png,49.065075,19.592642,693.58197,,82.0
flight_080m_01_000083.png,49.065157,19.592729,693.640015,,83.0
flight_080m_01_000084.png,49.065238,19.592814,693.689026,,84.0
flight_080m_01_000085.png,49.065319,19.592899,693.72699,,85.0
flight_080m_01_000086.png,49.065401,19.592981,693.708008,,86.0
flight_080m_01_000087.png,49.065483,19.593063,693.679993,,87.0
flight_080m_01_000088.png,49.065566,19.593143,693.697021,,88.0
flight_080m_01_000089.png,49.065649,19.593221,693.752014,,89.0
flight_080m_01_000090.png,49.065731,19.593297,693.757996,,90.0
flight_080m_01_000091.png,49.065814,19.593373,693.763977,,91.0
flight_080m_01_000092.png,49.0659,19.593451,693.723022,,92.0
flight_080m_01_000093.png,49.065988,19.59353,693.682007,,93.0
flight_080m_01_000094.png,49.066076,19.59361,693.684998,,94.0
flight_080m_01_000095.png,49.066164,19.593689,693.702026,,95.0
flight_080m_01_000096.png,49.066252,19.593767,693.708984,,96.0
flight_080m_01_000097.png,49.06634,19.593847,693.747009,,97.0
flight_080m_01_000098.png,49.066429,19.593927,693.757019,,98.0
flight_080m_01_000099.png,49.066519,19.594009,693.757996,,99.0
flight_080m_01_000100.png,49.066608,19.594088,693.729004,,100.0
flight_080m_01_000101.png,49.066699,19.594171,693.69397,,101.0
flight_080m_01_000102.png,49.06679,19.594253,693.64801,,102.0
flight_080m_01_000103.png,49.066881,19.594335,693.642029,,103.0
flight_080m_01_000104.png,49.066974,19.594417,693.672974,,104.0
flight_080m_01_000105.png,49.067066,19.5945,693.698975,,105.0
flight_080m_01_000106.png,49.067159,19.594582,693.697998,,106.0
flight_080m_01_000107.png,49.06725,19.594664,693.687988,,107.0
flight_080m_01_000108.png,49.067341,19.594747,693.671997,,108.0
flight_080m_01_000109.png,49.067432,19.594831,693.672974,,109.0
flight_080m_01_000110.png,49.067523,19.594918,693.687012,,110.0
flight_080m_01_000111.png,49.067613,19.595005,693.703003,,111.0
flight_080m_01_000112.png,49.067703,19.595094,693.716003,,112.0
flight_080m_01_000113.png,49.067794,19.595186,693.736023,,113.0
flight_080m_01_000114.png,49.067887,19.595281,693.786987,,114.0
flight_080m_01_000115.png,49.067982,19.595379,693.856995,,115.0
flight_080m_01_000116.png,49.068077,19.595476,693.913025,,116.0
flight_080m_01_000117.png,49.068172,19.595573,693.90802,,117.0
flight_080m_01_000118.png,49.068265,19.595668,693.857971,,118.0
flight_080m_01_000119.png,49.068352,19.595753,693.827026,,119.0
flight_080m_01_000120.png,49.068429,19.595818,693.79303,,120.0
flight_080m_01_000121.png,49.068499,19.595858,693.700012,,121.0
flight_080m_01_000122.png,49.068568,19.595869,693.505981,,122.0
flight_080m_01_000123.png,49.068635,19.595842,693.281006,,123.0
flight_080m_01_000124.png,49.068698,19.595772,693.129028,,124.0
flight_080m_01_000125.png,49.068746,19.595666,693.065979,,125.0
flight_080m_01_000126.png,49.068769,19.595538,693.052002,,126.0
flight_080m_01_000127.png,49.068766,19.595397,693.091003,,127.0
flight_080m_01_000128.png,49.068734,19.595258,693.179016,,128.0
flight_080m_01_000129.png,49.068675,19.595132,693.263977,,129.0
flight_080m_01_000130.png,49.068594,19.595025,693.312012,,130.0
flight_080m_01_000131.png,49.068495,19.594937,693.388,,131.0
flight_080m_01_000132.png,49.068386,19.594861,693.560974,,132.0
flight_080m_01_000133.png,49.068272,19.594795,693.856995,,133.0
flight_080m_01_000134.png,49.068154,19.594735,694.179016,,134.0
flight_080m_01_000135.png,49.068034,19.594678,694.502991,,135.0
flight_080m_01_000136.png,49.067913,19.594622,694.786987,,136.0
flight_080m_01_000137.png,49.067792,19.594561,695.041992,,137.0
flight_080m_01_000138.png,49.067673,19.594494,695.314026,,138.0
flight_080m_01_000139.png,49.067556,19.594418,695.46698,,139.0
flight_080m_01_000140.png,49.067441,19.594335,695.594971,,140.0
flight_080m_01_000141.png,49.067328,19.594247,695.669006,,141.0
flight_080m_01_000142.png,49.067218,19.594158,695.664978,,142.0
flight_080m_01_000143.png,49.067109,19.594065,695.640991,,143.0
flight_080m_01_000144.png,49.067,19.593971,695.643982,,144.0
flight_080m_01_000145.png,49.066893,19.593877,695.684998,,145.0
flight_080m_01_000146.png,49.066787,19.593783,695.744995,,146.0
flight_080m_01_000147.png,49.066681,19.593689,695.789978,,147.0
flight_080m_01_000148.png,49.066576,19.593594,695.822998,,148.0
flight_080m_01_000149.png,49.066473,19.593493,695.890015,,149.0
flight_080m_01_000150.png,49.066375,19.593384,695.870972,,150.0
flight_080m_01_000151.png,49.066282,19.593265,695.86499,,151.0
flight_080m_01_000152.png,49.066197,19.593136,695.85498,,152.0
flight_080m_01_000153.png,49.066118,19.592999,695.857971,,153.0
flight_080m_01_000154.png,49.066043,19.592858,695.794006,,154.0
flight_080m_01_000155.png,49.065974,19.592717,695.762024,,155.0
flight_080m_01_000156.png,49.065908,19.592576,695.754028,,156.0
flight_080m_01_000157.png,49.065846,19.592434,695.682983,,157.0
flight_080m_01_000158.png,49.065787,19.592292,695.643982,,158.0
flight_080m_01_000159.png,49.065731,19.592152,695.653992,,159.0
flight_080m_01_000160.png,49.065677,19.592015,695.619995,,160.0
flight_080m_01_000161.png,49.065625,19.591885,695.512024,,161.0
flight_080m_01_000162.png,49.065577,19.59176,695.362,,162.0
flight_080m_01_000163.png,49.06553,19.591642,695.158997,,163.0
flight_080m_01_000164.png,49.065482,19.591523,694.932007,,164.0
flight_080m_01_000165.png,49.065435,19.591411,694.741028,,165.0
flight_080m_01_000166.png,49.065385,19.5913,694.656982,,166.0
flight_080m_01_000167.png,49.065335,19.591191,694.625,,167.0
flight_080m_01_000168.png,49.065281,19.591086,694.47998,,168.0
flight_080m_01_000169.png,49.065224,19.590984,694.440979,,169.0
flight_080m_01_000170.png,49.065164,19.590887,694.473022,,170.0
flight_080m_01_000171.png,49.065101,19.590796,694.468018,,171.0
flight_080m_01_000172.png,49.065036,19.590712,694.450012,,172.0
flight_080m_01_000173.png,49.064969,19.590633,694.481018,,173.0
flight_080m_01_000174.png,49.064902,19.590558,694.500977,,174.0
flight_080m_01_000175.png,49.064835,19.590487,694.473999,,175.0
flight_080m_01_000176.png,49.064768,19.590418,694.445007,,176.0
flight_080m_01_000177.png,49.064701,19.590351,694.427002,,177.0
flight_080m_01_000178.png,49.064636,19.590286,694.382996,,178.0
flight_080m_01_000179.png,49.06457,19.590221,694.346985,,179.0
flight_080m_01_000180.png,49.064505,19.590157,694.297974,,180.0
flight_080m_01_000181.png,49.064439,19.590093,694.211975,,181.0
flight_080m_01_000182.png,49.064372,19.590029,694.19397,,182.0
flight_080m_01_000183.png,49.064306,19.589964,694.148987,,183.0
flight_080m_01_000184.png,49.064236,19.589896,694.117981,,184.0
flight_080m_01_000185.png,49.064161,19.589823,694.130981,,185.0
flight_080m_01_000186.png,49.064084,19.589747,694.182983,,186.0
flight_080m_01_000187.png,49.064005,19.58967,694.294006,,187.0
flight_080m_01_000188.png,49.063926,19.589592,694.422974,,188.0
flight_080m_01_000189.png,49.063847,19.589515,694.547974,,189.0
flight_080m_01_000190.png,49.06377,19.589439,694.627991,,190.0
flight_080m_01_000191.png,49.063694,19.589364,694.687012,,191.0
flight_080m_01_000192.png,49.063619,19.58929,694.690979,,192.0
flight_080m_01_000193.png,49.063544,19.589216,694.64801,,193.0
flight_080m_01_000194.png,49.06347,19.589143,694.620972,,194.0
flight_080m_01_000195.png,49.0634,19.589074,694.630005,,195.0
flight_080m_01_000196.png,49.063339,19.58901,694.685974,,196.0
flight_080m_01_000197.png,49.063289,19.588951,694.70697,,197.0
flight_080m_01_000198.png,49.063253,19.5889,694.653992,,198.0
flight_080m_01_000199.png,49.063231,19.588858,694.505981,,199.0
flight_080m_01_000200.png,49.063221,19.58882,694.187012,,200.0
flight_080m_01_000201.png,49.063226,19.58878,693.828003,,201.0
flight_080m_01_000202.png,49.063252,19.58873,693.534973,,202.0
flight_080m_01_000203.png,49.0633,19.588676,693.52301,,203.0
flight_080m_01_000204.png,49.063364,19.588625,693.75,,204.0
flight_080m_01_000205.png,49.063438,19.588585,694.052002,,205.0
flight_080m_01_000206.png,49.063517,19.588563,694.297974,,206.0
flight_080m_01_000207.png,49.063597,19.58856,694.460022,,207.0
flight_080m_01_000208.png,49.063676,19.588579,694.518005,,208.0
flight_080m_01_000209.png,49.063752,19.588619,694.583008,,209.0
flight_080m_01_000210.png,49.063825,19.588676,694.586975,,210.0
flight_080m_01_000211.png,49.063891,19.588747,694.534973,,211.0
flight_080m_01_000212.png,49.063954,19.588827,694.453979,,212.0
flight_080m_01_000213.png,49.064013,19.588912,694.409973,,213.0
flight_080m_01_000214.png,49.064071,19.588999,694.312012,,214.0
flight_080m_01_000215.png,49.064128,19.589087,694.250977,,215.0
flight_080m_01_000216.png,49.064187,19.58917,694.223999,,216.0
flight_080m_01_000217.png,49.064248,19.589244,694.184021,,217.0
flight_080m_01_000218.png,49.06431,19.589312,694.125977,,218.0
flight_080m_01_000219.png,49.064372,19.589374,694.01001,,219.0
flight_080m_01_000220.png,49.064434,19.589431,693.892029,,220.0
flight_080m_01_000221.png,49.064496,19.589486,693.784973,,221.0
flight_080m_01_000222.png,49.064558,19.589539,693.700012,,222.0
flight_080m_01_000223.png,49.06462,19.58959,693.603027,,223.0
flight_080m_01_000224.png,49.064682,19.589639,693.603027,,224.0
flight_080m_01_000225.png,49.064748,19.58969,693.573975,,225.0
flight_080m_01_000226.png,49.064819,19.589746,693.362,,226.0
flight_080m_01_000227.png,49.064895,19.589806,693.369995,,227.0
flight_080m_01_000228.png,49.064974,19.589866,693.429993,,228.0
flight_080m_01_000229.png,49.065053,19.589926,693.48999,,229.0
flight_080m_01_000230.png,49.065122,19.589979,693.541992,,230.0
flight_080m_01_000231.png,49.065179,19.590023,693.562012,,231.0
flight_080m_01_000232.png,49.065227,19.590057,693.442993,,232.0
flight_080m_01_000233.png,49.06527,19.590086,693.171997,,233.0
flight_080m_01_000234.png,49.065317,19.590116,692.922974,,234.0
flight_080m_01_000235.png,49.065369,19.590147,692.718994,,235.0
flight_080m_01_000236.png,49.065425,19.59018,692.648987,,236.0
flight_080m_01_000237.png,49.065479,19.59021,692.684998,,237.0
flight_080m_01_000238.png,49.06553,19.590238,692.744995,,238.0
flight_080m_01_000239.png,49.065577,19.590262,692.742981,,239.0
flight_080m_01_000240.png,49.065618,19.590281,692.635986,,240.0
flight_080m_01_000241.png,49.06566,19.590299,692.52002,,241.0
flight_080m_01_000242.png,49.065703,19.590316,692.414978,,242.0
flight_080m_01_000243.png,49.065748,19.590334,692.322021,,243.0
flight_080m_01_000244.png,49.065796,19.590353,692.304993,,244.0
flight_080m_01_000245.png,49.065847,19.590376,692.265015,,245.0
flight_080m_01_000246.png,49.065898,19.590401,692.260986,,246.0
flight_080m_01_000247.png,49.065948,19.590425,692.275024,,247.0
flight_080m_01_000248.png,49.065996,19.59045,692.242004,,248.0
flight_080m_01_000249.png,49.066042,19.590474,692.231995,,249.0
flight_080m_01_000250.png,49.066081,19.590495,692.234985,,250.0
flight_080m_01_000251.png,49.066112,19.590511,692.224976,,251.0
flight_080m_01_000252.png,49.066138,19.590524,692.203979,,252.0
flight_080m_01_000253.png,49.066165,19.590538,692.192993,,253.0
flight_080m_01_000254.png,49.066201,19.590559,692.205017,,254.0
flight_080m_01_000255.png,49.066248,19.590585,692.239014,,255.0
flight_080m_01_000256.png,49.066301,19.590616,692.273987,,256.0
flight_080m_01_000257.png,49.066354,19.590646,692.310974,,257.0
flight_080m_01_000258.png,49.066405,19.590675,692.369019,,258.0
flight_080m_01_000259.png,49.066455,19.590703,692.348999,,259.0
flight_080m_01_000260.png,49.066504,19.590732,692.286011,,260.0
flight_080m_01_000261.png,49.066552,19.590761,692.231018,,261.0
flight_080m_01_000262.png,49.066598,19.590788,692.177002,,262.0
flight_080m_01_000263.png,49.066641,19.590814,692.137024,,263.0
flight_080m_01_000264.png,49.066681,19.590838,692.10199,,264.0
flight_080m_01_000265.png,49.066719,19.590862,692.085999,,265.0
flight_080m_01_000266.png,49.066754,19.590884,692.064026,,266.0
flight_080m_01_000267.png,49.066786,19.590904,692.008972,,267.0
flight_080m_01_000268.png,49.066816,19.590923,692.020996,,268.0
flight_080m_01_000269.png,49.066842,19.59094,692.018982,,269.0
flight_080m_01_000270.png,49.066864,19.590954,692.010986,,270.0
flight_080m_01_000271.png,49.066885,19.590967,692.026978,,271.0
flight_080m_01_000272.png,49.066904,19.590979,692.06897,,272.0
flight_080m_01_000273.png,49.066923,19.590992,692.09198,,273.0
flight_080m_01_000274.png,49.066945,19.591007,692.086975,,274.0
flight_080m_01_000275.png,49.066977,19.591028,692.085022,,275.0
flight_080m_01_000276.png,49.067018,19.591055,692.013977,,276.0
flight_080m_01_000277.png,49.067062,19.591085,691.963013,,277.0
flight_080m_01_000278.png,49.067104,19.591112,691.906006,,278.0
flight_080m_01_000279.png,49.067142,19.591136,691.872986,,279.0
flight_080m_01_000280.png,49.067183,19.591161,691.872986,,280.0
flight_080m_01_000281.png,49.067236,19.591195,691.870972,,281.0
flight_080m_01_000282.png,49.067302,19.591238,691.872009,,282.0
flight_080m_01_000283.png,49.067378,19.591287,691.939026,,283.0
flight_080m_01_000284.png,49.06746,19.59134,692.05603,,284.0
flight_080m_01_000285.png,49.067546,19.591396,692.177979,,285.0
flight_080m_01_000286.png,49.067633,19.591452,692.273987,,286.0
flight_080m_01_000287.png,49.067721,19.591509,692.356995,,287.0
flight_080m_01_000288.png,49.067808,19.591565,692.427002,,288.0
flight_080m_01_000289.png,49.067894,19.591621,692.45697,,289.0
flight_080m_01_000290.png,49.067981,19.591678,692.434998,,290.0
flight_080m_01_000291.png,49.068068,19.591734,692.398987,,291.0
flight_080m_01_000292.png,49.068153,19.591789,692.385986,,292.0
flight_080m_01_000293.png,49.068233,19.591842,692.369995,,293.0
flight_080m_01_000294.png,49.068298,19.591884,692.393005,,294.0
flight_080m_01_000295.png,49.068341,19.591912,692.255981,,295.0
flight_080m_01_000296.png,49.06837,19.591929,692.002014,,296.0
flight_080m_01_000297.png,49.068389,19.591938,691.736023,,297.0
flight_080m_01_000298.png,49.068409,19.591935,691.539978,,298.0
flight_080m_01_000299.png,49.068436,19.59191,691.408997,,299.0
flight_080m_01_000300.png,49.068472,19.591859,691.361023,,300.0
flight_080m_01_000301.png,49.068514,19.591777,691.432007,,301.0
flight_080m_01_000302.png,49.068555,19.591669,691.513977,,302.0
flight_080m_01_000303.png,49.068587,19.591544,691.700989,,303.0
flight_080m_01_000304.png,49.068605,19.591411,691.950989,,304.0
flight_080m_01_000305.png,49.068605,19.591276,692.276978,,305.0
flight_080m_01_000306.png,49.068588,19.591144,692.541016,,306.0
flight_080m_01_000307.png,49.068557,19.591016,692.716003,,307.0
flight_080m_01_000308.png,49.068514,19.590895,692.895996,,308.0
flight_080m_01_000309.png,49.068461,19.590786,692.958984,,309.0
flight_080m_01_000310.png,49.0684,19.59069,693.030029,,310.0
flight_080m_01_000311.png,49.068332,19.590611,693.051025,,311.0
flight_080m_01_000312.png,49.068262,19.590549,693.013,,312.0
flight_080m_01_000313.png,49.068191,19.590502,692.877014,,313.0
flight_080m_01_000314.png,49.068118,19.590469,692.773987,,314.0
flight_080m_01_000315.png,49.068045,19.590444,692.635986,,315.0
flight_080m_01_000316.png,49.067971,19.590425,692.5,,316.0
flight_080m_01_000317.png,49.067895,19.59041,692.374023,,317.0
flight_080m_01_000318.png,49.067815,19.590396,692.276001,,318.0
flight_080m_01_000319.png,49.067734,19.59038,692.187988,,319.0
flight_080m_01_000320.png,49.067651,19.590364,692.148987,,320.0
flight_080m_01_000321.png,49.067568,19.590348,692.159973,,321.0
flight_080m_01_000322.png,49.067484,19.59033,692.192993,,322.0
flight_080m_01_000323.png,49.067398,19.590314,692.229004,,323.0
flight_080m_01_000324.png,49.067312,19.590301,692.291992,,324.0
flight_080m_01_000325.png,49.067225,19.590294,692.353027,,325.0
flight_080m_01_000326.png,49.067138,19.59029,692.375,,326.0
flight_080m_01_000327.png,49.067054,19.590289,692.338013,,327.0
flight_080m_01_000328.png,49.066974,19.59029,692.294983,,328.0
flight_080m_01_000329.png,49.066897,19.590294,692.271973,,329.0
flight_080m_01_000330.png,49.066821,19.590311,692.216003,,330.0
flight_080m_01_000331.png,49.066739,19.590357,692.153015,,331.0
flight_080m_01_000332.png,49.066659,19.590441,692.085022,,332.0
flight_080m_01_000333.png,49.066591,19.590558,692.114014,,333.0
flight_080m_01_000334.png,49.066538,19.590696,692.245972,,334.0
flight_080m_01_000335.png,49.066498,19.590848,692.348999,,335.0
flight_080m_01_000336.png,49.066469,19.591005,692.421021,,336.0
flight_080m_01_000337.png,49.066448,19.591161,692.458984,,337.0
flight_080m_01_000338.png,49.066433,19.591315,692.505981,,338.0
flight_080m_01_000339.png,49.066421,19.591457,692.497009,,339.0
flight_080m_01_000340.png,49.066411,19.591588,692.41803,,340.0
flight_080m_01_000341.png,49.066402,19.591713,692.283997,,341.0
flight_080m_01_000342.png,49.066391,19.591837,692.11499,,342.0
flight_080m_01_000343.png,49.066376,19.591959,691.982971,,343.0
flight_080m_01_000344.png,49.066355,19.592083,691.885986,,344.0
flight_080m_01_000345.png,49.066329,19.59221,691.838989,,345.0
flight_080m_01_000346.png,49.066293,19.592345,691.913025,,346.0
flight_080m_01_000347.png,49.066248,19.592488,691.984009,,347.0
flight_080m_01_000348.png,49.066193,19.592632,691.979004,,348.0
flight_080m_01_000349.png,49.066132,19.592774,692.070007,,349.0
flight_080m_01_000350.png,49.066067,19.592915,692.223022,,350.0
flight_080m_01_000351.png,49.066,19.593054,692.463989,,351.0
flight_080m_01_000352.png,49.065934,19.593194,692.721985,,352.0
flight_080m_01_000353.png,49.065874,19.593341,692.867004,,353.0
flight_080m_01_000354.png,49.065828,19.59349,692.97998,,354.0
flight_080m_01_000355.png,49.065794,19.593632,693.064026,,355.0
flight_080m_01_000356.png,49.065771,19.593739,693.010986,,356.0
flight_080m_01_000357.png,49.065757,19.593814,692.841003,,357.0
flight_080m_01_000358.png,49.065752,19.593847,692.583008,,358.0
