frame_path,gt_x,gt_y,rotation_deg,scale,brightness
frames/q_000000.png,-381858.62278441386,-1195710.0562790472,-13.498240897852845,0.9723210738148822,1.0709413642492036
frames/q_000001.png,-381687.16468790587,-1192588.075120349,-24.78367004223503,0.992192181968527,0.858939165831421
frames/q_000002.png,-383794.29345210595,-1193980.71989177,-28.407841818968183,0.9698837650686648,1.044965331333857
frames/q_000003.png,-382293.26469507715,-1195006.469672529,5.355941032554526,1.0309430456677826,0.8519496279034183
frames/q_000004.png,-381093.2008596439,-1193286.6585501633,-9.584969008920488,0.9655479499811781,1.1371639216620344
frames/q_000005.png,-383251.6814330274,-1195466.1964146628,-24.19701738999216,1.034749436634746,1.0311178094100673
frames/q_000006.png,-381087.17923011055,-1193172.919621545,2.173685487282043,1.047311576397937,0.963560313162506
frames/q_000007.png,-382260.60789208004,-1192814.0773277562,7.111185141854762,1.0361706900310779,1.0232056435770285
frames/q_000008.png,-381558.94909622776,-1195635.1230539628,-16.326103460907188,0.9789387963602108,0.8739375930770882
frames/q_000009.png,-383729.1886436506,-1195436.474653839,-13.321583813394472,1.0135684444264401,0.9594496536910252
frames/q_000010.png,-383097.18053316564,-1195045.8327878164,-13.981330677053197,1.0436654587712495,1.044410615573978
frames/q_000011.png,-381997.9864608313,-1195183.9666387571,13.747607877020954,0.9663402493761928,0.9638366325272942
frames/q_000012.png,-380248.1436347366,-1193495.9728645731,3.416984626478772,1.0184614250989874,1.1028555760569427
frames/q_000013.png,-381230.3728068961,-1194975.4811313148,-28.073985365757736,0.9815453048059082,0.9303222627927108
frames/q_000014.png,-383829.5078212185,-1192405.4364464509,22.58205758836013,0.9814677880798478,1.0466315995884639
frames/q_000015.png,-382980.1036919308,-1192507.545767416,-2.468888844756073,0.9764880166498052,0.923988252308195
frames/q_000016.png,-382217.70044603606,-1194854.1776609956,5.075159413412429,1.0397822883602477,0.9698201515421191
frames/q_000017.png,-383791.1525758006,-1192208.7651090962,0.5715776205878704,0.9590909412173794,0.8641349126274204
frames/q_000018.png,-384295.65303547395,-1193541.1687606603,17.524761861777847,0.9922159966799684,0.8690583118455871
frames/q_000019.png,-383044.5631201413,-1192213.8638068596,1.7468607059482224,1.0471078377613618,1.1082339106703494
frames/q_000020.png,-384747.23615096085,-1193205.3573059393,10.902622141594485,1.0036970330408794,0.9300475569857628
frames/q_000021.png,-381851.56163035304,-1195398.48986462,-3.9140849598536995,0.9953723706329206,1.1361447782563239
frames/q_000022.png,-380771.03888896626,-1194851.8467394859,0.03516678301789966,0.9678651880530131,1.1237883518034462
frames/q_000023.png,-380795.5775268939,-1194725.6390618265,8.336969691960313,1.0108970211438173,0.8958517805648905
frames/q_000024.png,-381292.4240685743,-1193858.2276157632,16.717588717833493,1.0030353672195178,0.8501715688383831
frames/q_000025.png,-383308.8997221728,-1195729.9798320625,25.745916975877023,1.0378721877823185,1.0994996588083539
frames/q_000026.png,-383385.4542717352,-1195591.5578155874,22.680575952242435,1.0446949445297995,0.8756960356203636
frames/q_000027.png,-382564.44526969723,-1195550.92109101,15.63612991543389,1.0265834429306988,0.8885174393499288
frames/q_000028.png,-382613.70353250805,-1193820.6971026994,-14.096602263596454,1.0372433041085258,0.976941382060266
frames/q_000029.png,-383825.7570751459,-1193858.5262211761,13.795864145398568,0.9701151063389696,0.9435148873902685
frames/q_000030.png,-380222.26344442426,-1193460.4090168863,-3.713994965129757,1.001757584103559,0.8863012587604797
frames/q_000031.png,-383766.4197799211,-1194582.9243591565,5.298523107434001,0.9730114732596576,0.9160652153354678
frames/q_000032.png,-384473.4747050498,-1193528.003133236,-16.263492971330738,1.0405420013006128,1.1078906200761238
frames/q_000033.png,-384474.0991047772,-1194943.2357153445,10.138666697776834,0.9714236807370439,0.8896935546175074
frames/q_000034.png,-380496.59094190487,-1193744.23065541,-1.6397384212923498,1.0284619424290753,1.092249099329993
frames/q_000035.png,-383924.1453529439,-1195451.1296826133,-4.1369290556173475,0.9923578623019921,0.9901074004110024
frames/q_000036.png,-381446.2281848997,-1193375.8529568345,29.04991268195797,0.9598417871151959,0.9707863846306806
frames/q_000037.png,-383239.22408492264,-1192697.9065346227,-15.080619964782862,0.9690208908440812,0.9845840643499395
frames/q_000038.png,-382859.35226859775,-1194797.28177017,-15.011613127073971,1.0423265599276013,0.982939223516037
frames/q_000039.png,-380837.7579831851,-1193818.818810118,-26.964700228507127,1.0499282468412727,1.1008082755239854
frames/q_000040.png,-380342.5703168644,-1192464.993587774,20.92174406485833,0.9666311110603913,0.9956923376352155
frames/q_000041.png,-383816.79104895383,-1194356.2747387632,-26.481876001669264,0.9878973118976916,1.1455926531339178
frames/q_000042.png,-383580.0894121023,-1192977.2890188647,-2.699497959651403,0.9923007485990163,1.1371952922579018
frames/q_000043.png,-380221.00608606456,-1193799.222882075,13.104496517779559,0.9654796825274063,0.9390123476483692
frames/q_000044.png,-380343.8900502054,-1193714.9351170033,2.531712082456451,1.0247975560379063,0.8671495818722449
frames/q_000045.png,-382112.7746477293,-1193989.738051413,21.163193522897124,0.9657432727939483,1.138233670982335
frames/q_000046.png,-384431.52924874675,-1195131.092975477,5.702106387001663,1.017521255360409,0.9205611685002794
frames/q_000047.png,-384248.55958718184,-1192594.8876116711,-15.227079132682508,1.009451915353344,1.035814453099631
frames/q_000048.png,-382871.5734669634,-1193698.7630240936,1.3669629319175343,1.0434706257736428,0.9112777598270609
frames/q_000049.png,-381505.4960971886,-1194940.7828333923,-6.252849192524728,1.017169022295997,0.9399991239396286
frames/q_000050.png,-383345.60327942984,-1193093.2374544095,-25.647413130410563,0.9958285522618586,1.1495363322563326
frames/q_000051.png,-380217.9067302218,-1195536.346751897,-17.210741263977575,0.9765200414750401,1.1299778133981127
frames/q_000052.png,-380747.98671462503,-1192634.551273007,-7.828374675666964,0.9657746832357231,1.100123486391942
frames/q_000053.png,-381563.69599060557,-1193597.9377078332,29.233983817890262,1.0153976317710733,0.8523469321456474
frames/q_000054.png,-381041.28926805535,-1194722.2766163296,9.803322897964641,1.0438930003927105,0.8902873343180103
frames/q_000055.png,-384269.06657320505,-1195414.7490730505,3.1934184530889524,0.9772348212314816,1.0314489481090672
frames/q_000056.png,-381498.9621779428,-1195067.1089561586,8.05427753310478,0.9763983901630409,0.9965595556448129
frames/q_000057.png,-380635.411607386,-1192753.9574113959,-24.462091937235996,0.9923575772563726,0.9330040671916755
frames/q_000058.png,-384783.73947562726,-1193023.9165732847,8.22680263808278,0.9761955262434348,1.0723692725043792
frames/q_000059.png,-382262.2648947765,-1194260.3415542857,-29.4198180234996,0.9575243860073767,1.1149319179900428
frames/q_000060.png,-380641.88817796734,-1193835.8658408022,20.075701193161002,1.0082509566489795,0.8944281356702448
frames/q_000061.png,-384213.7878667502,-1194690.3082885814,23.938889324555397,1.0296122304888042,1.1082107746002707
frames/q_000062.png,-380664.90677951457,-1195043.7824466692,-15.028215646624535,0.9602793621671786,1.0840348725614328
frames/q_000063.png,-380732.9419598552,-1194337.0601211262,7.239690609042768,0.9654553338332205,1.1289643047081022
frames/q_000064.png,-380822.7773368186,-1192285.5630402418,18.646303196423816,1.0381416204663325,0.8574359085694566
frames/q_000065.png,-381411.77977347944,-1194604.1658782992,25.848953162899534,1.030223513893714,1.1092192085125838
frames/q_000066.png,-381070.52206882613,-1194839.5460843178,17.242470548128267,0.9608095626402957,1.1116500348718268
frames/q_000067.png,-380850.4351845211,-1194999.294130092,18.99519633581574,0.9960303234678942,0.9415572602015801
frames/q_000068.png,-381141.3811693469,-1194980.7107262344,-28.58013391791291,0.9693129788327708,0.948478585359312
frames/q_000069.png,-380823.9400313665,-1192319.105847605,-13.252500436687715,1.0141481738607627,0.9699035153080182
frames/q_000070.png,-380286.6633239193,-1193869.61611993,26.354228419482943,0.9615341751851427,1.1411201833066684
frames/q_000071.png,-383978.62018882507,-1192334.7839563952,-14.072018248621882,0.960840254721471,0.9803691275693933
frames/q_000072.png,-381448.6698664915,-1194670.798933435,6.372531198368598,1.0011423059669478,0.9655586300034181
frames/q_000073.png,-382147.6873411113,-1194883.0480333997,12.527117030050235,0.9501691278218629,1.1276725496497249
frames/q_000074.png,-382323.1169681735,-1193210.0081170786,14.517004670368593,1.0170628504433,0.9592664415343792
frames/q_000075.png,-384478.1634714379,-1193408.7114867824,-10.187997837444215,0.981391564505836,1.1044045838519005
frames/q_000076.png,-381489.1084147095,-1194718.8797699858,-11.442920267480805,0.9908392908619217,0.9707201161173173
frames/q_000077.png,-383440.0065028604,-1195341.838465827,-4.773219973625501,1.0440363670730184,1.0531953835818197
frames/q_000078.png,-380647.0542090756,-1193584.1231995916,-11.94300752606608,1.0047937213135698,0.8501217819091862
frames/q_000079.png,-383480.2182110312,-1194252.4166824066,4.7990868717409185,1.015470562370307,0.9894964570741043
frames/q_000080.png,-382766.07070721796,-1195030.7322161589,-1.6088288454404243,1.0401180825828256,1.088807428038034
frames/q_000081.png,-384019.4526083493,-1195494.819108682,0.927120594912985,1.0132940855765795,0.9505564766229402
frames/q_000082.png,-381035.2202207849,-1193095.8524772257,10.36774023343002,0.9724640665997288,0.9097389798179729
frames/q_000083.png,-384687.6907739178,-1194918.617872809,-1.4918193468716936,1.0349737694624732,0.8718484687553707
frames/q_000084.png,-382893.57990530937,-1193532.818676268,-18.33388579561744,1.0196354250490505,0.9983131507031311
frames/q_000085.png,-383677.69717949524,-1193438.1599483953,-29.667310911718094,1.0250964476618474,1.0810138565722074
frames/q_000086.png,-384309.73777707806,-1194269.4886725673,-19.4467990976081,1.045796604227954,1.0053873251331222
frames/q_000087.png,-384569.04040651454,-1194902.936353568,20.900180841099584,0.9956461825470172,1.0904249805166792
frames/q_000088.png,-381729.1256723295,-1192243.48959047,5.727139108165183,1.0450039608443156,1.117427777743131
frames/q_000089.png,-381981.7880500636,-1193210.569884614,0.28668988946411744,1.0330569169721415,1.0143615851832484
frames/q_000090.png,-380672.8030043167,-1193122.791677137,-1.5195337906168014,0.9759191548465019,0.9241719212528978
frames/q_000091.png,-381866.74362468603,-1193043.0175737932,1.2779887696789274,1.012674843698178,0.9323792340752615
frames/q_000092.png,-384443.6188238868,-1194771.4215112624,-13.697093575068923,0.9819709568418762,1.0120456667555369
frames/q_000093.png,-384163.5154796195,-1194967.5124206825,11.636988737943135,1.0206419141694552,0.8692686552141634
frames/q_000094.png,-382925.0521395967,-1193846.5913719577,-5.053545953810644,0.970683438951441,0.9760430553320276
frames/q_000095.png,-380637.7025157874,-1193697.2972929818,11.731379189878083,1.0356732032303935,1.0796783728354207
frames/q_000096.png,-383050.25922882964,-1195778.8729198808,-8.894471839690517,1.0253475125059386,1.1060343851707313
frames/q_000097.png,-380414.17510000366,-1194291.539578276,14.850940138683043,1.004613230973384,1.0309757766823724
frames/q_000098.png,-383785.549952241,-1195010.1382310358,-3.8498414372018033,0.9529024819946715,0.9508388631095147
frames/q_000099.png,-381675.9294146811,-1194344.4791277705,-20.09731612778947,0.996739014923231,0.8882883391843481
frames/q_000100.png,-381937.6057538232,-1195703.015379851,-6.358784619617715,1.0064391983024774,0.8581306139020937
frames/q_000101.png,-381843.33734419226,-1195311.5547060724,-2.2980933569092983,0.9550284633488627,0.9637311592564418
frames/q_000102.png,-383826.3915265988,-1194623.389733266,15.673782473641623,0.9879126215564136,1.0756029470664354
frames/q_000103.png,-380973.11509585724,-1194891.872031277,-25.08562603430145,0.9519383287050011,1.01182571437676
frames/q_000104.png,-380200.3739980748,-1194540.1727705384,9.008645594992501,1.0281233049610896,1.0455263965731667
frames/q_000105.png,-381330.5018380058,-1192381.3078398758,-18.038359058248027,0.9520380017320332,0.895714703735437
frames/q_000106.png,-384219.4208934812,-1193389.9142675993,3.8381749158011473,0.9717964540906503,1.0598394913738451
frames/q_000107.png,-381272.24205775146,-1195196.0255260472,6.434849633455904,1.0247925651955285,0.8843598614136693
frames/q_000108.png,-381031.18266805157,-1192326.9122729227,-23.514075020543608,0.9525678425497466,0.9435871733184085
frames/q_000109.png,-381684.1847457594,-1192350.486147891,-6.200733509002362,1.0215014705049468,0.872798943352918
frames/q_000110.png,-381623.1546252667,-1193541.901927357,-23.88592167324141,1.0272480884951225,1.1050879717266389
frames/q_000111.png,-382038.096530681,-1195364.2775547446,29.03066109088028,1.028263534636102,0.9541611295925346
frames/q_000112.png,-382829.4683013189,-1194465.9707314395,0.3576473806246767,0.9841231174861284,1.1048726880998732
frames/q_000113.png,-381017.24554369395,-1195420.1389579074,27.647254032874713,1.0135585106101446,1.0986121933007373
frames/q_000114.png,-381546.3595080877,-1194232.2591805432,14.027718240803516,1.0465473731238077,0.9310247189162202
frames/q_000115.png,-381082.25277356704,-1193862.569902205,-0.9901497670082335,0.9935574493003895,1.0693078642915366
frames/q_000116.png,-383565.40368541976,-1192733.7622812984,19.843861133436207,0.9586662898055675,1.1144893552008315
frames/q_000117.png,-383678.25379337766,-1194127.056578535,6.619902253831235,0.9878989304128264,0.8586099993310269
frames/q_000118.png,-380885.58185767906,-1195145.4401462607,-17.27280898921566,1.0297832356828096,0.9521016529492851
frames/q_000119.png,-380750.4900611142,-1193275.698262054,-13.423885454628905,0.9510151114438676,1.1344187733331093
frames/q_000120.png,-384406.2218136969,-1193207.687194292,-0.6853291890727604,1.0258164653482467,1.0571828018339569
frames/q_000121.png,-381828.83207090164,-1194033.04502945,17.57597208793905,0.9593053350554671,0.916478920141759
frames/q_000122.png,-381617.75990692654,-1194697.6970503256,4.89333511994203,0.9973260488759524,1.0092765793437302
frames/q_000123.png,-382842.68991117476,-1193114.5832407435,-10.15252216824419,1.0202854942185768,0.9312749280928588
frames/q_000124.png,-383643.567949108,-1195365.7146837146,-18.444942392908956,0.9619554741255052,1.010759189615125
frames/q_000125.png,-381293.9015774122,-1195133.5235372558,-17.01692160728366,0.9984198587212709,1.0673755003279153
frames/q_000126.png,-380307.56003403565,-1193911.3023438351,-13.020077803502698,0.960052610809079,0.908235273427322
frames/q_000127.png,-383753.6046996639,-1195154.0745544236,-29.151097964636172,1.0034135089267664,0.9322933980349801
frames/q_000128.png,-380318.1958874343,-1193807.8970477316,11.845043574611665,0.9626279492958408,1.110538359178883
frames/q_000129.png,-382541.9589173212,-1192658.1344100581,4.443853177579932,0.996939694493051,0.982140639440803
frames/q_000130.png,-383951.9586798386,-1195615.1335427954,26.463815806086195,0.9977729187265688,1.096634693589829
frames/q_000131.png,-382956.75569489686,-1195533.3893706454,7.7667424171199,0.9553609074292533,0.8947592753420965
frames/q_000132.png,-382210.9315694513,-1194706.2313902655,29.635087362613213,0.9618451562211461,1.0793330335978581
frames/q_000133.png,-382010.9281725173,-1192953.2748643977,-16.458771776097922,1.0022572535130219,0.9851543394666262
frames/q_000134.png,-382763.4891094107,-1192703.3279696924,29.401875628007872,0.980538024431936,1.0363081963216445
frames/q_000135.png,-381995.6868405812,-1193135.6304823945,26.85541201952268,0.9707787905823551,0.9133075585916178
frames/q_000136.png,-381762.0145261029,-1195234.6630524101,-19.57118710041393,0.9575064868901167,0.8508027167808657
frames/q_000137.png,-382727.6879083881,-1193662.2609353305,-12.524442658138344,0.9731476234556026,1.06208674896371
frames/q_000138.png,-381566.2369340131,-1194165.4964186694,11.243095204274567,1.042391104448255,1.0863484079940193
frames/q_000139.png,-381924.7206612439,-1193419.7088091192,26.020107506730795,0.9925138966104211,1.0133687136131735
frames/q_000140.png,-381820.8655088763,-1192529.6371149456,19.59786957900358,0.9571409836855814,0.8997768367662173
frames/q_000141.png,-383385.00490079325,-1193103.7024090048,4.1524229591455395,0.9788610588305842,0.8873060974524124
frames/q_000142.png,-381632.0623726252,-1193280.9187873504,26.560574444642448,1.0000472177117925,0.9981385658035252
frames/q_000143.png,-384430.009437078,-1195656.593204782,-4.078280150353645,0.98223215833583,0.9251103707236011
frames/q_000144.png,-384379.9371888088,-1192337.0276498853,20.15751683437088,1.007519910921993,1.1352358833419056
frames/q_000145.png,-380201.91692512203,-1193379.7518401914,-13.829338441976766,0.9540231673144616,1.076880649123767
frames/q_000146.png,-382635.69916296017,-1193454.5355361407,24.96436727560605,0.9681489147223126,1.0255988875833562
frames/q_000147.png,-381879.97681203927,-1194029.7887669518,-24.52545562237037,0.9847961056294651,0.9499925180995276
frames/q_000148.png,-381717.3688428516,-1192712.0893135397,-10.211780185262075,1.0193673673983432,0.9364653386084367
frames/q_000149.png,-380452.0651986553,-1192871.0995617362,3.0057965383069742,0.995482590860173,0.9443551471510503
frames/q_000150.png,-383312.9582557518,-1192307.2409465436,-5.749496579955263,1.0014596252329104,1.1464357644345262
frames/q_000151.png,-381774.74645613896,-1193846.6545415951,-5.2051457520407105,0.9687582541394527,0.9585338077455026
frames/q_000152.png,-381320.33584702894,-1193548.5034465294,15.599432163661021,0.9703558238350274,1.0147658917255995
frames/q_000153.png,-380532.66253283946,-1194222.7944345204,11.895001747330333,0.962142608336262,1.1419440447465083
frames/q_000154.png,-381999.17944425624,-1194938.5812761278,-20.497310171686056,1.005083900700267,1.0156754227161198
frames/q_000155.png,-384371.27835318487,-1192227.7758467493,24.77579270905008,0.9961447894178783,0.8852398447268672
frames/q_000156.png,-380972.10818634566,-1194005.848507953,12.996199559507467,1.0008872015069512,0.9320274690139823
frames/q_000157.png,-380960.2363779527,-1192271.0232737013,-15.376145635491698,1.005126507688047,0.9650758039741449
frames/q_000158.png,-380559.36432349985,-1193970.3311420872,22.75957530878857,1.036402693442859,0.9328742208466122
frames/q_000159.png,-381165.9425621675,-1194306.2242867304,26.054903620951208,1.0007737675809656,1.0961648419556735
frames/q_000160.png,-383498.96239300066,-1194725.2392296516,5.216263344849665,1.0498902333229339,0.9968921039967102
frames/q_000161.png,-384116.4962158973,-1193861.1022041503,-9.292563498419547,1.005191741707081,1.0130290188876019
frames/q_000162.png,-382705.4192279524,-1194641.6371837053,-18.680857577573676,1.019749842762057,1.0215392925954703
frames/q_000163.png,-383725.6393918891,-1193007.9847807474,-27.381162054161884,1.0244705151565197,1.0615683643075007
frames/q_000164.png,-381067.4879073113,-1194410.139275282,9.82132976907208,1.0320747551709555,1.1442454415979355
frames/q_000165.png,-382521.4886788995,-1195666.8219952334,0.13746900797795192,1.0090180429309568,1.1109100940086645
frames/q_000166.png,-380778.68686031277,-1194214.9095835835,1.557065208453686,0.9956928074474242,1.0667331482711928
frames/q_000167.png,-382914.10735130473,-1193442.7562685949,-20.73832687370707,0.9969490600984732,1.140761089172265
frames/q_000168.png,-383242.63446724,-1193306.2249041675,8.990199154756354,1.0351765292350692,1.1057024009697678
frames/q_000169.png,-380846.9900186076,-1194431.9901670387,-11.000330763996018,1.0218717425222983,1.077820542800309
frames/q_000170.png,-380787.000881665,-1195670.8560607643,-25.894755169106915,1.0131161016854642,1.1262787296340888
frames/q_000171.png,-380211.79101180914,-1193111.59172647,-3.9617116846124603,0.9598443126383197,1.0401243486342373
frames/q_000172.png,-380786.09827208414,-1194202.7684783074,11.64006976759407,1.0403424062050486,0.8637972906031638
frames/q_000173.png,-381137.7104459073,-1194743.9173329698,-7.509534613481112,0.9645569795699398,1.009349895444628
frames/q_000174.png,-382196.7243223805,-1192946.8713901336,-19.800981055914157,0.9578968350659994,1.1112518795934565
frames/q_000175.png,-381949.320333691,-1194933.0645833588,24.76974096141329,0.9643117720128509,0.9883449740064992
frames/q_000176.png,-383631.72884096374,-1194880.8727852853,-29.436154112707737,1.0304633076975147,1.1203628270796648
frames/q_000177.png,-381682.9721646957,-1195231.356165417,-3.4962129837711338,0.9845565624443081,1.0262715115379264
frames/q_000178.png,-381860.8680752737,-1194272.502959753,-14.994106535537925,1.03453039251426,0.9097650997326676
frames/q_000179.png,-383030.4225854253,-1194060.4543385745,-15.767657884345523,1.0071922692350739,1.0224435790535935
frames/q_000180.png,-380233.5673301119,-1194737.2102398693,28.67666907461176,1.015822981592868,0.9323441140534683
frames/q_000181.png,-382196.7199291021,-1193331.084666259,14.680130469919511,0.9549044250776,1.0319219479229422
frames/q_000182.png,-382515.0548092615,-1192544.9601217243,-12.828350912448332,1.0298860119507598,1.0321194994492797
frames/q_000183.png,-383179.33837106195,-1193508.1483156031,7.253469787818247,1.017776445862336,1.0662785130012127
frames/q_000184.png,-381767.7489963889,-1192781.9187115114,7.694886221213899,1.0403403704072969,1.0439021826671568
frames/q_000185.png,-383378.9278405295,-1194213.0483507756,4.774428322104164,1.0232359767939239,0.8770400127238657
frames/q_000186.png,-383442.51241146075,-1193109.0193900487,-19.461595773341603,0.9632159797746783,1.0118223276953262
frames/q_000187.png,-380331.10077746975,-1193888.9252841952,24.80921846890182,1.0330472619567397,0.9270910253689787
frames/q_000188.png,-381006.3943933237,-1194065.3514428884,18.38930962762599,1.0246559350717046,0.9516145761405659
frames/q_000189.png,-384270.25782876037,-1192333.4915670133,-21.55457909964704,1.0466500209462752,1.1080421790696464
frames/q_000190.png,-381468.5807027814,-1192272.1119375364,28.036184838001944,1.0304587644020562,0.9597325148216699
frames/q_000191.png,-381162.833876294,-1195749.9900579057,2.194338496143544,0.9954786027733875,1.051848514562126
frames/q_000192.png,-381707.2150981056,-1193695.5667580338,19.345038073606453,1.0440291891779554,0.8825038306597692
frames/q_000193.png,-383724.4458676365,-1195710.0062563426,23.05409071289113,1.0061407382249878,1.1245767726229476
frames/q_000194.png,-383781.7387429396,-1195572.506008415,19.43132108342686,1.0409387638427892,0.9406570523587751
frames/q_000195.png,-382921.8482337555,-1195296.8747995715,26.775691972916775,0.9804364584356005,0.9977873856934617
frames/q_000196.png,-384352.9570871398,-1192605.7890374355,-21.86015707761981,0.9953643756888892,1.0511458656550512
frames/q_000197.png,-381381.53112698125,-1192394.4040963768,-4.852394795116631,1.0242269014765315,0.8963568707229504
frames/q_000198.png,-382891.5396853379,-1195443.602310715,-0.6391777326231285,0.99081158856977,1.1354564576143178
frames/q_000199.png,-384649.5518088381,-1194466.1180425643,-3.3970148363579007,1.0450555169851428,1.1066350579917863
